object Path ,classification, Template Name
Model.Concentrators.'Waterval Retrofit',OIC1_STDC0_AFDC0_PC0_OLI0,Concentrator-
Model.Concentrators.'Waterval UG2',OIC1_STDC0_AFDC0_PC0_OLI0,Concentrator-
Model.Concentrators.WLTR,OIC1_STDC0_AFDC0_PC0_OLI0,Concentrator-
Model.Concentrators.'Plat Mile',OIC1_STDC0_AFDC0_PC0_OLI0,Concentrator-
Model.Concentrators.'Eland Pt',OIC1_STDC0_AFDC0_PC0_OLI0,Concentrator-
Model.Concentrators.BRPM,OIC1_STDC0_AFDC0_PC0_OLI0,Concentrator-
Model.Concentrators.'AS Mer',OIC1_STDC0_AFDC0_PC0_OLI0,Concentrator-
Model.Concentrators.'AS UG2#1',OIC1_STDC0_AFDC0_PC0_OLI0,Concentrator-
Model.Concentrators.'AS UG2#2',OIC1_STDC0_AFDC0_PC0_OLI0,Concentrator-
Model.Concentrators.UnionKilkenBlend,OIC1_STDC0_AFDC0_PC0_OLI0,Concentrator-
Model.Concentrators.'Bokoni Mer',OIC1_STDC0_AFDC0_PC0_OLI0,Concentrator-
Model.Concentrators.'Bokoni UG2',OIC1_STDC0_AFDC0_PC0_OLI0,Concentrator-
Model.Concentrators.'Mogalakwena S',OIC1_STDC0_AFDC0_PC0_OLI0,Concentrator-
Model.Concentrators.'Mogalakwena N',OIC1_STDC0_AFDC0_PC0_OLI0,Concentrator-
Model.Concentrators.Modikwa,OIC1_STDC0_AFDC0_PC0_OLI0,Concentrator-
Model.Concentrators.Mototolo,OIC1_STDC0_AFDC0_PC0_OLI0,Concentrator-
Model.Concentrators.Unki,OIC1_STDC0_AFDC0_PC0_OLI0,Concentrator-
Model.Concentrators.Sylvania,OIC1_STDC0_AFDC0_PC0_OLI0,Concentrator-
Model.Concentrators.Baobab,OIC1_STDC0_AFDC0_PC0_OLI0,Concentrator-
Model.Concentrators.RK1,OIC1_STDC0_AFDC0_PC0_OLI0,Concentrator-
Model.Concentrators.Kroondal,OIC1_STDC0_AFDC0_PC0_OLI0,Concentrator-
Model.Concentrators.Marikana,OIC1_STDC0_AFDC0_PC0_OLI0,Concentrator-
Model.Concentrators.Maseve,OIC1_STDC0_AFDC0_PC0_OLI0,Concentrator-
Model.Concentrators.'Smokey Hill',OIC1_STDC0_AFDC0_PC0_OLI0,Concentrator-
Model.Concentrators,OIC0_STDC0_AFDC0_PC0_OLI0,Object
Model.Smelters.'Waterval Smelter'.Furnaces.'EF #1',OIC1_STDC0_AFDC2_PC0_OLI0,Furnace-
Model.Smelters.'Waterval Smelter'.Furnaces.'EF #2',OIC1_STDC0_AFDC2_PC0_OLI0,Furnace-
Model.Smelters.'Waterval Smelter',OIC1_STDC0_AFDC2_PC1_OLI1,Smelter-
Model.Smelters.'Polokwane Smelter'.Furnaces.Furnace,OIC1_STDC0_AFDC2_PC0_OLI0,Furnace-
Model.Smelters.'Polokwane Smelter',OIC1_STDC0_AFDC2_PC0_OLI1,Smelter-
Model.Smelters.'Mortimer Smelter'.Furnaces.Furnace,OIC1_STDC0_AFDC2_PC0_OLI0,Furnace-
Model.Smelters.'Mortimer Smelter',OIC1_STDC0_AFDC2_PC0_OLI1,Smelter-
Model.Smelters,OIC0_STDC0_AFDC1_PC0_OLI0,Object
Model.ACP.'Offline Stock Priority 1 Bin'.Input,OIC0_STDC0_AFDC0_PC0_OLI0,Object
Model.ACP.'Offline Stock Priority 1 Bin'.'Toll Required',OIC0_STDC0_AFDC0_PC0_OLI0,Object
Model.ACP.'Offline Stock Priority 1 Bin'.'Total Available Stock',OIC1_STDC0_AFDC2_PC0_OLI0,SCF Stockpile-SCF
Model.ACP.'Offline Stock Priority 1 Bin'.'To Converter',OIC1_STDC0_AFDC2_PC0_OLI0,SCF Stockpile-SCF
Model.ACP.'Offline Stock Priority 1 Bin'.'WCM Recycles',OIC1_STDC0_AFDC2_PC0_OLI0,SCF Stockpile-SCF
Model.ACP.'Offline Stock Priority 1 Bin'.'Tolled In',OIC1_STDC0_AFDC0_PC0_OLI0,SCF Stockpile-SCF
Model.ACP.'Offline Stock Priority 1 Bin'.'Tolled Out',OIC1_STDC0_AFDC2_PC0_OLI0,SCF Stockpile-SCF
Model.ACP.'Offline Stock Priority 1 Bin'.'Closing Stock',OIC1_STDC0_AFDC2_PC0_OLI0,SCF Closing Stock-SCF
Model.ACP.'Offline Stock Priority 1 Bin'.'Opening Stock',OIC1_STDC0_AFDC2_PC0_OLI0,SCF Opening Stock-SCF
Model.ACP.'Offline Stock Priority 1 Bin',OIC0_STDC0_AFDC1_PC0_OLI0,Object
Model.ACP.'PMR Residues Bin'.Input,OIC0_STDC0_AFDC1_PC0_OLI0,Object
Model.ACP.'PMR Residues Bin'.'Toll Required',OIC0_STDC0_AFDC0_PC0_OLI0,Object
Model.ACP.'PMR Residues Bin'.'Total Available Stock',OIC1_STDC0_AFDC2_PC0_OLI0,SCF Stockpile-SCF
Model.ACP.'PMR Residues Bin'.'To Converter',OIC1_STDC0_AFDC2_PC0_OLI0,SCF Stockpile-SCF
Model.ACP.'PMR Residues Bin'.'Tolled In',OIC1_STDC0_AFDC0_PC0_OLI0,SCF Stockpile-SCF
Model.ACP.'PMR Residues Bin'.'Tolled Out',OIC1_STDC0_AFDC2_PC0_OLI0,SCF Stockpile-SCF
Model.ACP.'PMR Residues Bin'.'Closing Stock',OIC1_STDC0_AFDC2_PC0_OLI0,SCF Closing Stock-SCF
Model.ACP.'PMR Residues Bin'.'Opening Stock',OIC1_STDC0_AFDC2_PC0_OLI0,SCF Opening Stock-SCF
Model.ACP.'PMR Residues Bin',OIC0_STDC0_AFDC1_PC0_OLI0,Object
Model.ACP.'High Priority FM Bin'.'SCFM Received',OIC0_STDC0_AFDC1_PC0_OLI0,Object
Model.ACP.'High Priority FM Bin'.'Toll Required',OIC0_STDC0_AFDC0_PC0_OLI0,Object
Model.ACP.'High Priority FM Bin'.Input,OIC1_STDC0_AFDC2_PC0_OLI0,SCF Stockpile-SCF
Model.ACP.'High Priority FM Bin'.'Total Available Stock',OIC1_STDC0_AFDC2_PC0_OLI0,SCF Stockpile-SCF
Model.ACP.'High Priority FM Bin'.'To Converter',OIC1_STDC0_AFDC2_PC0_OLI0,SCF Stockpile-SCF
Model.ACP.'High Priority FM Bin'.'Tolled In',OIC1_STDC0_AFDC0_PC0_OLI0,SCF Stockpile-SCF
Model.ACP.'High Priority FM Bin'.'Tolled Out',OIC1_STDC0_AFDC2_PC0_OLI0,SCF Stockpile-SCF
Model.ACP.'High Priority FM Bin'.'Closing Stock',OIC1_STDC0_AFDC2_PC0_OLI0,SCF Closing Stock-SCF
Model.ACP.'High Priority FM Bin'.'Opening Stock',OIC1_STDC0_AFDC2_PC0_OLI0,SCF Opening Stock-SCF
Model.ACP.'High Priority FM Bin',OIC0_STDC0_AFDC1_PC0_OLI0,Object
Model.ACP.'Medium Priority/Low Priority Bin'.'Toll Required',OIC0_STDC0_AFDC0_PC0_OLI0,Object
Model.ACP.'Medium Priority/Low Priority Bin'.Input,OIC1_STDC0_AFDC2_PC0_OLI0,SCF Stockpile-SCF
Model.ACP.'Medium Priority/Low Priority Bin'.'Total Available Stock',OIC1_STDC0_AFDC2_PC0_OLI0,SCF Stockpile-SCF
Model.ACP.'Medium Priority/Low Priority Bin'.'To Converter',OIC1_STDC0_AFDC2_PC0_OLI0,SCF Stockpile-SCF
Model.ACP.'Medium Priority/Low Priority Bin'.'Tolled In',OIC1_STDC0_AFDC0_PC0_OLI0,SCF Stockpile-SCF
Model.ACP.'Medium Priority/Low Priority Bin'.'Tolled Out',OIC1_STDC0_AFDC2_PC0_OLI0,SCF Stockpile-SCF
Model.ACP.'Medium Priority/Low Priority Bin'.'Closing Stock',OIC1_STDC0_AFDC2_PC0_OLI0,SCF Closing Stock-SCF
Model.ACP.'Medium Priority/Low Priority Bin'.'Opening Stock',OIC1_STDC0_AFDC2_PC0_OLI0,SCF Opening Stock-SCF
Model.ACP.'Medium Priority/Low Priority Bin',OIC0_STDC0_AFDC1_PC0_OLI0,Object
Model.ACP.'Offline Stock Priority 2 Bin'.Input,OIC0_STDC0_AFDC0_PC0_OLI0,Object
Model.ACP.'Offline Stock Priority 2 Bin'.'Toll Required',OIC0_STDC0_AFDC0_PC0_OLI0,Object
Model.ACP.'Offline Stock Priority 2 Bin'.'Total Available Stock',OIC1_STDC0_AFDC2_PC0_OLI0,SCF Stockpile-SCF
Model.ACP.'Offline Stock Priority 2 Bin'.'To Converter',OIC1_STDC0_AFDC2_PC0_OLI0,SCF Stockpile-SCF
Model.ACP.'Offline Stock Priority 2 Bin'.'Tolled In',OIC1_STDC0_AFDC0_PC0_OLI0,SCF Stockpile-SCF
Model.ACP.'Offline Stock Priority 2 Bin'.'Tolled Out',OIC1_STDC0_AFDC2_PC0_OLI0,SCF Stockpile-SCF
Model.ACP.'Offline Stock Priority 2 Bin'.'Closing Stock',OIC1_STDC0_AFDC1_PC0_OLI0,SCF Closing Stock-SCF
Model.ACP.'Offline Stock Priority 2 Bin'.'Opening Stock',OIC1_STDC0_AFDC1_PC0_OLI0,SCF Opening Stock-SCF
Model.ACP.'Offline Stock Priority 2 Bin',OIC0_STDC0_AFDC1_PC0_OLI0,Object
Model.ACP.Process,OIC0_STDC0_AFDC1_PC0_OLI0,Object
Model.ACP.Recoveries,OIC0_STDC0_AFDC1_PC0_OLI0,Object
Model.ACP.WCM.'New WCM',OIC1_STDC0_AFDC2_PC0_OLI0,SCF Stockpile-SCF
Model.ACP.WCM.'Total Available Stock',OIC1_STDC0_AFDC2_PC0_OLI0,SCF Stockpile-SCF
Model.ACP.WCM.'To Recycles',OIC1_STDC0_AFDC2_PC0_OLI0,SCF Stockpile-SCF
Model.ACP.WCM.'Available For Despatch',OIC1_STDC0_AFDC2_PC0_OLI0,SCF Stockpile-SCF
Model.ACP.WCM.'Toll Required',OIC1_STDC0_AFDC2_PC0_OLI0,SCF Stockpile-SCF
Model.ACP.WCM.'Stock Despatched',OIC1_STDC0_AFDC2_PC0_OLI0,SCF Stockpile-SCF
Model.ACP.WCM.'Tolled Out',OIC1_STDC0_AFDC2_PC0_OLI0,SCF Stockpile-SCF
Model.ACP.WCM.'To Recycles (Dispatch Stock)',OIC1_STDC0_AFDC2_PC0_OLI0,SCF Stockpile-SCF
Model.ACP.WCM.Despatched,OIC1_STDC0_AFDC2_PC0_OLI0,SCF Stockpile-SCF
Model.ACP.WCM.'To Recycles (Despatched to Bin)',OIC1_STDC0_AFDC2_PC0_OLI0,SCF Stockpile-SCF
Model.ACP.WCM.'In Process Stock At End',OIC1_STDC0_AFDC2_PC0_OLI0,SCF Closing Stock-SCF
Model.ACP.WCM.'Excess Despatch Closing Stock',OIC1_STDC0_AFDC2_PC0_OLI0,SCF Closing Stock-SCF
Model.ACP.WCM.'Product Stock At End',OIC1_STDC0_AFDC2_PC0_OLI0,SCF Closing Stock-SCF
Model.ACP.WCM.'In Process Stock At Start',OIC1_STDC0_AFDC2_PC0_OLI0,SCF Opening Stock-SCF
Model.ACP.WCM.'Product Stock At Start',OIC1_STDC0_AFDC2_PC0_OLI0,SCF Opening Stock-SCF
Model.ACP.WCM.'Excess Despatch Opening Stock',OIC1_STDC0_AFDC2_PC0_OLI0,SCF Opening Stock-SCF
Model.ACP.WCM,OIC0_STDC0_AFDC1_PC0_OLI0,Object
Model.ACP.WACS,OIC0_STDC0_AFDC1_PC0_OLI0,Object
Model.ACP.Acid.'Opening Acid',OIC0_STDC0_AFDC1_PC0_OLI0,Object
Model.ACP.Acid.'New Acid',OIC0_STDC0_AFDC1_PC0_OLI0,Object
Model.ACP.Acid.'Closing Acid',OIC0_STDC0_AFDC1_PC0_OLI0,Object
Model.ACP.Acid.'Acid To Be Sold',OIC0_STDC0_AFDC1_PC0_OLI0,Object
Model.ACP.Acid.'Used RBMR',OIC0_STDC0_AFDC1_PC0_OLI0,Object
Model.ACP.Acid,OIC0_STDC0_AFDC1_PC0_OLI0,Object
Model.ACP.Reporting,OIC0_STDC0_AFDC1_PC0_OLI0,Object
Model.ACP.Checks.'Process Recovery',OIC1_STDC0_AFDC1_PC0_OLI0,Metal Volumes-Stockpile
Model.ACP.Checks.'Overall Recovery',OIC1_STDC0_AFDC1_PC0_OLI0,Metal Volumes-Stockpile
Model.ACP.Checks.Accountability,OIC1_STDC0_AFDC1_PC0_OLI0,Metal Volumes-Stockpile
Model.ACP.Checks,OIC0_STDC0_AFDC1_PC0_OLI0,Object
Model.ACP.'To Process',OIC1_STDC0_AFDC2_PC0_OLI0,SCF Stockpile-SCF
Model.ACP,OIC0_STDC0_AFDC1_PC0_OLI0,Object
Model.SCF.'SCF (WACS)'.'WACS Bin'.'Toll Required',OIC0_STDC0_AFDC0_PC0_OLI0,Object
Model.SCF.'SCF (WACS)'.'WACS Bin'.'Total Available Stock',OIC1_STDC0_AFDC2_PC0_OLI0,SCF Stockpile-SCF
Model.SCF.'SCF (WACS)'.'WACS Bin'.'To SCF Plant',OIC1_STDC0_AFDC2_PC0_OLI0,SCF Stockpile-SCF
Model.SCF.'SCF (WACS)'.'WACS Bin'.Input,OIC1_STDC0_AFDC2_PC0_OLI0,SCF Stockpile-SCF
Model.SCF.'SCF (WACS)'.'WACS Bin'.'Used In SCF (WACS)',OIC1_STDC0_AFDC2_PC0_OLI0,SCF Stockpile-SCF
Model.SCF.'SCF (WACS)'.'WACS Bin'.'Tolled In',OIC1_STDC0_AFDC0_PC0_OLI0,SCF Stockpile-SCF
Model.SCF.'SCF (WACS)'.'WACS Bin'.'Tolled Out',OIC1_STDC0_AFDC2_PC0_OLI0,SCF Stockpile-SCF
Model.SCF.'SCF (WACS)'.'WACS Bin'.'Closing Stock',OIC1_STDC0_AFDC2_PC0_OLI0,SCF Closing Stock-SCF
Model.SCF.'SCF (WACS)'.'WACS Bin'.'Opening Stock',OIC1_STDC0_AFDC2_PC0_OLI0,SCF Opening Stock-SCF
Model.SCF.'SCF (WACS)'.'WACS Bin',OIC0_STDC0_AFDC1_PC0_OLI0,Object
Model.SCF.'SCF (WACS)'.'Offline WACS Stockpile'.'Excess from WACS Bin',OIC1_STDC0_AFDC2_PC0_OLI0,SCF Stockpile-SCF
Model.SCF.'SCF (WACS)'.'Offline WACS Stockpile'.'Input to WACS Bin',OIC1_STDC0_AFDC2_PC0_OLI0,SCF Stockpile-SCF
Model.SCF.'SCF (WACS)'.'Offline WACS Stockpile'.'Closing Stock',OIC1_STDC0_AFDC2_PC0_OLI0,SCF Closing Stock-SCF
Model.SCF.'SCF (WACS)'.'Offline WACS Stockpile'.'Opening Stock',OIC1_STDC0_AFDC2_PC0_OLI0,SCF Opening Stock-SCF
Model.SCF.'SCF (WACS)'.'Offline WACS Stockpile',OIC0_STDC0_AFDC1_PC0_OLI0,Object
Model.SCF.'SCF (WACS)'.'WACS Tails Bin'.Input,OIC1_STDC0_AFDC2_PC0_OLI0,SCF Stockpile-SCF
Model.SCF.'SCF (WACS)'.'WACS Tails Bin'.'Total Available Stock',OIC1_STDC0_AFDC2_PC0_OLI0,SCF Stockpile-SCF
Model.SCF.'SCF (WACS)'.'WACS Tails Bin'.'To SCF Plant',OIC1_STDC0_AFDC2_PC0_OLI0,SCF Stockpile-SCF
Model.SCF.'SCF (WACS)'.'WACS Tails Bin'.'Closing Stock',OIC1_STDC0_AFDC2_PC0_OLI0,SCF Closing Stock-SCF
Model.SCF.'SCF (WACS)'.'WACS Tails Bin'.'Opening Stock',OIC1_STDC0_AFDC2_PC0_OLI0,SCF Opening Stock-SCF
Model.SCF.'SCF (WACS)'.'WACS Tails Bin',OIC0_STDC0_AFDC1_PC0_OLI0,Object
Model.SCF.'SCF (WACS)'.Process,OIC0_STDC0_AFDC1_PC0_OLI0,Object
Model.SCF.'SCF (WACS)'.Recoveries,OIC0_STDC0_AFDC1_PC0_OLI0,Object
Model.SCF.'SCF (WACS)'.'WACS Matte'.'New WACS Matte',OIC0_STDC0_AFDC1_PC0_OLI0,Object
Model.SCF.'SCF (WACS)'.'WACS Matte'.'Total Available Stock',OIC1_STDC0_AFDC2_PC0_OLI0,SCF Stockpile-SCF
Model.SCF.'SCF (WACS)'.'WACS Matte'.Output,OIC1_STDC0_AFDC2_PC0_OLI0,SCF Stockpile-SCF
Model.SCF.'SCF (WACS)'.'WACS Matte'.'New FM',OIC1_STDC0_AFDC2_PC0_OLI0,SCF Stockpile-SCF
Model.SCF.'SCF (WACS)'.'WACS Matte'.'To Recycles',OIC1_STDC0_AFDC2_PC0_OLI0,SCF Stockpile-SCF
Model.SCF.'SCF (WACS)'.'WACS Matte'.'To Recycles (Dispatch Stock)',OIC1_STDC0_AFDC2_PC0_OLI0,SCF Stockpile-SCF
Model.SCF.'SCF (WACS)'.'WACS Matte'.'To Recycles (Despatched to Bin)',OIC1_STDC0_AFDC2_PC0_OLI0,SCF Stockpile-SCF
Model.SCF.'SCF (WACS)'.'WACS Matte'.'In Process Stock At End',OIC1_STDC0_AFDC2_PC0_OLI0,SCF Closing Stock-SCF
Model.SCF.'SCF (WACS)'.'WACS Matte'.'Product Stock At End',OIC1_STDC0_AFDC2_PC0_OLI0,SCF Closing Stock-SCF
Model.SCF.'SCF (WACS)'.'WACS Matte'.'In Process Stock At Start',OIC1_STDC0_AFDC2_PC0_OLI0,SCF Opening Stock-SCF
Model.SCF.'SCF (WACS)'.'WACS Matte'.'Product Stock At Start',OIC1_STDC0_AFDC2_PC0_OLI0,SCF Opening Stock-SCF
Model.SCF.'SCF (WACS)'.'WACS Matte',OIC0_STDC0_AFDC1_PC0_OLI0,Object
Model.SCF.'SCF (WACS)'.'SCF Slag',OIC0_STDC0_AFDC1_PC0_OLI0,Object
Model.SCF.'SCF (WACS)'.Checks.Accountability,OIC1_STDC0_AFDC1_PC0_OLI0,Metal Volumes-Stockpile
Model.SCF.'SCF (WACS)'.Checks.'Overall Recovery',OIC1_STDC0_AFDC1_PC0_OLI0,Metal Volumes-Stockpile
Model.SCF.'SCF (WACS)'.Checks.'Process Recovery',OIC1_STDC0_AFDC1_PC0_OLI0,Metal Volumes-Stockpile
Model.SCF.'SCF (WACS)'.Checks,OIC0_STDC0_AFDC1_PC0_OLI0,Object
Model.SCF.'SCF (WACS)',OIC0_STDC0_AFDC1_PC0_OLI0,Object
Model.SCF.'SCF (Conc)'.Process,OIC0_STDC0_AFDC1_PC0_OLI0,Object
Model.SCF.'SCF (Conc)'.Recoveries,OIC0_STDC0_AFDC1_PC0_OLI0,Object
Model.SCF.'SCF (Conc)'.'New FM',OIC0_STDC0_AFDC1_PC0_OLI0,Object
Model.SCF.'SCF (Conc)'.Acid,OIC0_STDC0_AFDC1_PC0_OLI0,Object
Model.SCF.'SCF (Conc)'.Slag.'New Conc Slag',OIC0_STDC0_AFDC1_PC0_OLI0,Object
Model.SCF.'SCF (Conc)'.Slag,OIC0_STDC0_AFDC1_PC0_OLI0,Object
Model.SCF.'SCF (Conc)'.'Lost To Dust',OIC0_STDC0_AFDC1_PC0_OLI0,Object
Model.SCF.'SCF (Conc)'.Input,OIC1_STDC0_AFDC1_PC0_OLI0,Generic Stockpile-Stockpile
Model.SCF.'SCF (Conc)',OIC0_STDC0_AFDC1_PC0_OLI0,Object
Model.SCF.Reporting,OIC0_STDC0_AFDC1_PC0_OLI0,Object
Model.SCF.Furnaces.'SCF (Conc) #1',OIC1_STDC0_AFDC1_PC0_OLI0,Furnace-
Model.SCF.Furnaces.'SCF (Conc) #2',OIC1_STDC0_AFDC1_PC0_OLI0,Furnace-
Model.SCF.Furnaces.'SCF (WACS) #1',OIC1_STDC0_AFDC1_PC0_OLI0,Furnace-
Model.SCF.Furnaces.'SCF (WACS) #2',OIC1_STDC0_AFDC1_PC0_OLI0,Furnace-
Model.SCF.Furnaces,OIC0_STDC0_AFDC1_PC0_OLI0,Object
Model.SCF.'SCFM (Dispatch Stock)',OIC1_STDC0_AFDC2_PC0_OLI0,SCF Stockpile-SCF
Model.SCF.'SCF Slag',OIC1_STDC0_AFDC2_PC0_OLI0,SCF Stockpile-SCF
Model.SCF.'SCFM Despatched',OIC1_STDC0_AFDC2_PC0_OLI0,SCF Stockpile-SCF
Model.SCF,OIC0_STDC0_AFDC1_PC0_OLI0,Object
Model.'Slag Mill & Flotation (SC&EF)'.'SCF Slag (Priority 1)'.'Toll Required',OIC0_STDC0_AFDC0_PC0_OLI0,Object
Model.'Slag Mill & Flotation (SC&EF)'.'SCF Slag (Priority 1)'.'To Process',OIC1_STDC0_AFDC2_PC0_OLI0,SCF Stockpile-SCF
Model.'Slag Mill & Flotation (SC&EF)'.'SCF Slag (Priority 1)'.Input,OIC1_STDC0_AFDC2_PC0_OLI0,SCF Stockpile-SCF
Model.'Slag Mill & Flotation (SC&EF)'.'SCF Slag (Priority 1)'.'Tolled In',OIC1_STDC0_AFDC0_PC0_OLI0,SCF Stockpile-SCF
Model.'Slag Mill & Flotation (SC&EF)'.'SCF Slag (Priority 1)'.'Tolled Out',OIC1_STDC0_AFDC2_PC0_OLI0,SCF Stockpile-SCF
Model.'Slag Mill & Flotation (SC&EF)'.'SCF Slag (Priority 1)'.'Total Available Stock',OIC1_STDC0_AFDC2_PC0_OLI0,SCF Stockpile-SCF
Model.'Slag Mill & Flotation (SC&EF)'.'SCF Slag (Priority 1)'.'Closing Stock',OIC1_STDC0_AFDC2_PC0_OLI0,SCF Closing Stock-SCF
Model.'Slag Mill & Flotation (SC&EF)'.'SCF Slag (Priority 1)'.'Opening Stock',OIC1_STDC0_AFDC2_PC0_OLI0,SCF Opening Stock-SCF
Model.'Slag Mill & Flotation (SC&EF)'.'SCF Slag (Priority 1)',OIC0_STDC0_AFDC1_PC0_OLI0,Object
Model.'Slag Mill & Flotation (SC&EF)'.'EF Slag (Priority 2)'.'Toll Required',OIC0_STDC0_AFDC0_PC0_OLI0,Object
Model.'Slag Mill & Flotation (SC&EF)'.'EF Slag (Priority 2)'.'To Process',OIC1_STDC0_AFDC2_PC0_OLI0,SCF Stockpile-SCF
Model.'Slag Mill & Flotation (SC&EF)'.'EF Slag (Priority 2)'.Input,OIC1_STDC0_AFDC2_PC0_OLI0,SCF Stockpile-SCF
Model.'Slag Mill & Flotation (SC&EF)'.'EF Slag (Priority 2)'.'Tolled Out',OIC1_STDC0_AFDC2_PC0_OLI0,SCF Stockpile-SCF
Model.'Slag Mill & Flotation (SC&EF)'.'EF Slag (Priority 2)'.'Total Available Stock',OIC1_STDC0_AFDC2_PC0_OLI0,SCF Stockpile-SCF
Model.'Slag Mill & Flotation (SC&EF)'.'EF Slag (Priority 2)'.'Closing Stock',OIC1_STDC0_AFDC2_PC0_OLI0,SCF Closing Stock-SCF
Model.'Slag Mill & Flotation (SC&EF)'.'EF Slag (Priority 2)'.'Opening Stock',OIC1_STDC0_AFDC2_PC0_OLI0,SCF Opening Stock-SCF
Model.'Slag Mill & Flotation (SC&EF)'.'EF Slag (Priority 2)',OIC0_STDC0_AFDC1_PC0_OLI0,Object
Model.'Slag Mill & Flotation (SC&EF)'.Process,OIC0_STDC0_AFDC1_PC0_OLI0,Object
Model.'Slag Mill & Flotation (SC&EF)'.Recoveries.SCF,OIC0_STDC0_AFDC1_PC0_OLI0,Object
Model.'Slag Mill & Flotation (SC&EF)'.Recoveries.EF,OIC0_STDC0_AFDC1_PC0_OLI0,Object
Model.'Slag Mill & Flotation (SC&EF)'.Recoveries,OIC0_STDC0_AFDC1_PC0_OLI0,Object
Model.'Slag Mill & Flotation (SC&EF)'.Concentrate,OIC0_STDC0_AFDC1_PC0_OLI0,Object
Model.'Slag Mill & Flotation (SC&EF)'.'Concentrate (Despatched to WS)',OIC0_STDC0_AFDC1_PC0_OLI0,Object
Model.'Slag Mill & Flotation (SC&EF)'.'SCF Slag Tailings',OIC0_STDC0_AFDC1_PC0_OLI0,Object
Model.'Slag Mill & Flotation (SC&EF)'.Reporting,OIC0_STDC0_AFDC1_PC0_OLI0,Object
Model.'Slag Mill & Flotation (SC&EF)'.Checks.'Process Recovery',OIC1_STDC0_AFDC1_PC0_OLI0,Metal Volumes-Stockpile
Model.'Slag Mill & Flotation (SC&EF)'.Checks.'Overall Recovery',OIC1_STDC0_AFDC1_PC0_OLI0,Metal Volumes-Stockpile
Model.'Slag Mill & Flotation (SC&EF)'.Checks.Accountability,OIC1_STDC0_AFDC1_PC0_OLI0,Metal Volumes-Stockpile
Model.'Slag Mill & Flotation (SC&EF)'.Checks,OIC0_STDC0_AFDC1_PC0_OLI0,Object
Model.'Slag Mill & Flotation (SC&EF)'.'To SCF Slag Tailings',OIC1_STDC0_AFDC2_PC0_OLI0,SCF Stockpile-SCF
Model.'Slag Mill & Flotation (SC&EF)'.'Concentrate (Dispatch Stock)',OIC1_STDC0_AFDC2_PC0_OLI0,SCF Stockpile-SCF
Model.'Slag Mill & Flotation (SC&EF)',OIC0_STDC0_AFDC1_PC0_OLI0,Object
Model.'Slag Mill & Flotation (WACS)'.'WACS Bin'.Input,OIC0_STDC0_AFDC1_PC0_OLI0,Object
Model.'Slag Mill & Flotation (WACS)'.'WACS Bin'.'To Process',OIC1_STDC0_AFDC2_PC0_OLI0,SCF Stockpile-SCF
Model.'Slag Mill & Flotation (WACS)'.'WACS Bin'.'Closing Stock',OIC1_STDC0_AFDC2_PC0_OLI0,SCF Closing Stock-SCF
Model.'Slag Mill & Flotation (WACS)'.'WACS Bin'.'Opening Stock',OIC1_STDC0_AFDC2_PC0_OLI0,SCF Opening Stock-SCF
Model.'Slag Mill & Flotation (WACS)'.'WACS Bin',OIC0_STDC0_AFDC1_PC0_OLI0,Object
Model.'Slag Mill & Flotation (WACS)'.Process,OIC0_STDC0_AFDC1_PC0_OLI0,Object
Model.'Slag Mill & Flotation (WACS)'.Recoveries,OIC0_STDC0_AFDC1_PC0_OLI0,Object
Model.'Slag Mill & Flotation (WACS)'.'WACS Conc',OIC0_STDC0_AFDC1_PC0_OLI0,Object
Model.'Slag Mill & Flotation (WACS)'.'WACS Conc (Despatched to WS)',OIC0_STDC0_AFDC1_PC0_OLI0,Object
Model.'Slag Mill & Flotation (WACS)'.'WACS Tails',OIC0_STDC0_AFDC1_PC0_OLI0,Object
Model.'Slag Mill & Flotation (WACS)'.Checks.'Overall Recovery',OIC1_STDC0_AFDC1_PC0_OLI0,Metal Volumes-Stockpile
Model.'Slag Mill & Flotation (WACS)'.Checks.'Process Recovery',OIC1_STDC0_AFDC1_PC0_OLI0,Metal Volumes-Stockpile
Model.'Slag Mill & Flotation (WACS)'.Checks.Accountability,OIC1_STDC0_AFDC1_PC0_OLI0,Metal Volumes-Stockpile
Model.'Slag Mill & Flotation (WACS)'.Checks,OIC0_STDC0_AFDC1_PC0_OLI0,Object
Model.'Slag Mill & Flotation (WACS)'.'WACS Conc (Dispatch Stock)',OIC1_STDC0_AFDC2_PC0_OLI0,SCF Stockpile-SCF
Model.'Slag Mill & Flotation (WACS)',OIC0_STDC0_AFDC1_PC0_OLI0,Object
Model.MCM.'WCM Bin'.'Toll Required',OIC0_STDC0_AFDC0_PC0_OLI0,Object
Model.MCM.'WCM Bin'.'Opening Stock',OIC1_STDC0_AFDC2_PC0_OLI0,ACP Opening Stock-ACP
Model.MCM.'WCM Bin'.Received,OIC1_STDC0_AFDC2_PC0_OLI0,ACP Stockpile-ACP
Model.MCM.'WCM Bin'.'To Plant',OIC1_STDC0_AFDC2_PC0_OLI0,ACP Stockpile-ACP
Model.MCM.'WCM Bin'.'Tolled In',OIC1_STDC0_AFDC0_PC0_OLI0,ACP Stockpile-ACP
Model.MCM.'WCM Bin'.'Tolled Out',OIC1_STDC0_AFDC2_PC0_OLI0,ACP Stockpile-ACP
Model.MCM.'WCM Bin'.'Total Available Stock',OIC1_STDC0_AFDC2_PC0_OLI0,ACP Stockpile-ACP
Model.MCM.'WCM Bin'.'Closing Stock',OIC1_STDC0_AFDC2_PC0_OLI0,ACP Closing Stock-ACP
Model.MCM.'WCM Bin',OIC0_STDC0_AFDC1_PC0_OLI0,Object
Model.MCM.Process,OIC0_STDC0_AFDC1_PC0_OLI0,Object
Model.MCM.Recoveries,OIC0_STDC0_AFDC1_PC0_OLI0,Object
Model.MCM.MEC,OIC0_STDC0_AFDC1_PC0_OLI0,Object
Model.MCM.NCM.'Opening Stock',OIC1_STDC0_AFDC2_PC0_OLI0,ACP Opening Stock-ACP
Model.MCM.NCM.New,OIC1_STDC0_AFDC2_PC0_OLI0,ACP Stockpile-ACP
Model.MCM.NCM.Output,OIC1_STDC0_AFDC2_PC0_OLI0,ACP Stockpile-ACP
Model.MCM.NCM.'Closing Stock',OIC1_STDC0_AFDC2_PC0_OLI0,ACP Closing Stock-ACP
Model.MCM.NCM,OIC0_STDC0_AFDC1_PC0_OLI0,Object
Model.MCM.Acid,OIC0_STDC0_AFDC1_PC0_OLI0,Object
Model.MCM.Checks.'Process Recovery',OIC0_STDC0_AFDC1_PC0_OLI0,Object
Model.MCM.Checks.'Overall Recovery',OIC0_STDC0_AFDC1_PC0_OLI0,Object
Model.MCM.Checks.Accountability,OIC1_STDC0_AFDC1_PC0_OLI0,Metal Volumes-Stockpile
Model.MCM.Checks,OIC0_STDC0_AFDC1_PC0_OLI0,Object
Model.MCM,OIC0_STDC0_AFDC1_PC0_OLI0,Object
Model.MCL.'MEC Input'.'Toll Required',OIC0_STDC0_AFDC0_PC0_OLI0,Object
Model.MCL.'MEC Input'.'Opening Stock',OIC1_STDC0_AFDC2_PC0_OLI0,ACP Opening Stock-ACP
Model.MCL.'MEC Input'.Received,OIC1_STDC0_AFDC2_PC0_OLI0,ACP Stockpile-ACP
Model.MCL.'MEC Input'.'To Plant',OIC1_STDC0_AFDC2_PC0_OLI0,ACP Stockpile-ACP
Model.MCL.'MEC Input'.'Total Available Stock',OIC1_STDC0_AFDC2_PC0_OLI0,ACP Stockpile-ACP
Model.MCL.'MEC Input'.'Tolled Out',OIC1_STDC0_AFDC2_PC0_OLI0,ACP Stockpile-ACP
Model.MCL.'MEC Input'.'Tolled In',OIC1_STDC0_AFDC0_PC0_OLI0,ACP Stockpile-ACP
Model.MCL.'MEC Input'.'Closing Stock',OIC1_STDC0_AFDC2_PC0_OLI0,ACP Closing Stock-ACP
Model.MCL.'MEC Input',OIC0_STDC0_AFDC1_PC0_OLI0,Object
Model.MCL.CMS,OIC0_STDC0_AFDC1_PC0_OLI0,Object
Model.MCL.Process,OIC0_STDC0_AFDC1_PC0_OLI0,Object
Model.MCL.Recoveries.FIC,OIC0_STDC0_AFDC1_PC0_OLI0,Object
Model.MCL.Recoveries.PVL,OIC0_STDC0_AFDC1_PC0_OLI0,Object
Model.MCL.Recoveries.'MCP Press Cakes',OIC0_STDC0_AFDC1_PC0_OLI0,Object
Model.MCL.Recoveries,OIC0_STDC0_AFDC1_PC0_OLI0,Object
Model.MCL.FIC.New,OIC0_STDC0_AFDC1_PC0_OLI0,Object
Model.MCL.FIC.'Closing Stock',OIC0_STDC0_AFDC1_PC0_OLI0,Object
Model.MCL.FIC.Despatched,OIC1_STDC0_AFDC2_PC0_OLI0,SCF Stockpile-SCF
Model.MCL.FIC.'Opening Stock',OIC1_STDC0_AFDC2_PC0_OLI0,SCF Opening Stock-SCF
Model.MCL.FIC,OIC0_STDC0_AFDC1_PC0_OLI0,Object
Model.MCL.PVL,OIC0_STDC0_AFDC1_PC0_OLI0,Object
Model.MCL.'MCP Press Cakes',OIC0_STDC0_AFDC1_PC0_OLI0,Object
Model.MCL.Checks.'Process Recovery',OIC1_STDC0_AFDC1_PC0_OLI0,Metal Volumes-Stockpile
Model.MCL.Checks.'Overall Recovery',OIC1_STDC0_AFDC1_PC0_OLI0,Metal Volumes-Stockpile
Model.MCL.Checks.Accountability,OIC1_STDC0_AFDC1_PC0_OLI0,Metal Volumes-Stockpile
Model.MCL.Checks,OIC0_STDC0_AFDC1_PC0_OLI0,Object
Model.MCL.'MCP Press Cakes (Despatched to WS)',OIC1_STDC0_AFDC2_PC0_OLI0,ACP Stockpile-ACP
Model.MCL.'MCP Press Cakes (Dispatch Stock)',OIC1_STDC0_AFDC2_PC0_OLI0,ACP Stockpile-ACP
Model.MCL,OIC0_STDC0_AFDC1_PC0_OLI0,Object
Model.BMR.'Slurry Stock (Priority 1)'.'Opening Stock',OIC1_STDC0_AFDC2_PC0_OLI0,ACP Opening Stock-ACP
Model.BMR.'Slurry Stock (Priority 1)'.Input,OIC1_STDC0_AFDC2_PC0_OLI0,ACP Stockpile-ACP
Model.BMR.'Slurry Stock (Priority 1)'.Repulped,OIC1_STDC0_AFDC2_PC0_OLI0,ACP Stockpile-ACP
Model.BMR.'Slurry Stock (Priority 1)'.'Input From Milling & Repulping',OIC1_STDC0_AFDC2_PC0_OLI0,ACP Stockpile-ACP
Model.BMR.'Slurry Stock (Priority 1)'.'Closing Stock',OIC1_STDC0_AFDC2_PC0_OLI0,ACP Closing Stock-ACP
Model.BMR.'Slurry Stock (Priority 1)'.'To Be Used',OIC1_STDC0_AFDC2_PC1_OLI0,BMR Ni Stockpile-BMR
Model.BMR.'Slurry Stock (Priority 1)',OIC0_STDC0_AFDC1_PC0_OLI0,Object
Model.BMR.'Dry Stock (Priority 2)'.Input,OIC0_STDC0_AFDC0_PC0_OLI0,Object
Model.BMR.'Dry Stock (Priority 2)'.'Opening Stock',OIC1_STDC0_AFDC2_PC0_OLI0,ACP Opening Stock-ACP
Model.BMR.'Dry Stock (Priority 2)'.'To Be Repulped',OIC1_STDC0_AFDC2_PC0_OLI0,ACP Stockpile-ACP
Model.BMR.'Dry Stock (Priority 2)'.'Closing Stock',OIC1_STDC0_AFDC2_PC0_OLI0,ACP Closing Stock-ACP
Model.BMR.'Dry Stock (Priority 2)',OIC0_STDC0_AFDC1_PC0_OLI0,Object
Model.BMR.'Bagged Stock (Priority 3)'.'Opening Stock',OIC1_STDC0_AFDC2_PC0_OLI0,ACP Opening Stock-ACP
Model.BMR.'Bagged Stock (Priority 3)'.Input,OIC1_STDC0_AFDC2_PC0_OLI0,ACP Stockpile-ACP
Model.BMR.'Bagged Stock (Priority 3)'.'To Be Repulped',OIC1_STDC0_AFDC2_PC0_OLI0,ACP Stockpile-ACP
Model.BMR.'Bagged Stock (Priority 3)'.'Closing Stock',OIC1_STDC0_AFDC2_PC0_OLI0,ACP Closing Stock-ACP
Model.BMR.'Bagged Stock (Priority 3)'.'For Tolling',OIC1_STDC0_AFDC2_PC0_OLI0,BMR Ni Stockpile-BMR
Model.BMR.'Bagged Stock (Priority 3)',OIC0_STDC0_AFDC1_PC0_OLI0,Object
Model.BMR.PVL.'Toll Required',OIC0_STDC0_AFDC0_PC0_OLI0,Object
Model.BMR.PVL.'Opening Stock',OIC1_STDC0_AFDC2_PC0_OLI0,ACP Opening Stock-ACP
Model.BMR.PVL.'PVL Received',OIC1_STDC0_AFDC2_PC1_OLI0,ACP Stockpile-ACP
Model.BMR.PVL.'Total Available Stock',OIC1_STDC0_AFDC2_PC0_OLI0,ACP Stockpile-ACP
Model.BMR.PVL.'Tolled In',OIC1_STDC0_AFDC0_PC0_OLI0,ACP Stockpile-ACP
Model.BMR.PVL.'Tolled Out',OIC1_STDC0_AFDC2_PC0_OLI0,ACP Stockpile-ACP
Model.BMR.PVL.'Closing Stock',OIC1_STDC0_AFDC2_PC0_OLI0,ACP Closing Stock-ACP
Model.BMR.PVL.'To Process',OIC1_STDC0_AFDC2_PC0_OLI0,BMR Ni Stockpile-BMR
Model.BMR.PVL,OIC0_STDC0_AFDC1_PC0_OLI0,Object
Model.BMR.'NiSO4 Received',OIC0_STDC0_AFDC0_PC0_OLI0,Object
Model.BMR.Process.'Slurry Stock',OIC0_STDC0_AFDC1_PC0_OLI0,Object
Model.BMR.Process,OIC0_STDC0_AFDC1_PC0_OLI0,Object
Model.BMR.Acid,OIC0_STDC0_AFDC1_PC0_OLI0,Object
Model.BMR.'In-Process Stocks'.'Leach & Purification'.'Closing Stock'.Fixed,OIC0_STDC0_AFDC1_PC0_OLI0,Object
Model.BMR.'In-Process Stocks'.'Leach & Purification'.'Closing Stock'.Variable,OIC0_STDC0_AFDC0_PC0_OLI0,Object
Model.BMR.'In-Process Stocks'.'Leach & Purification'.'Closing Stock',OIC0_STDC0_AFDC1_PC0_OLI0,Object
Model.BMR.'In-Process Stocks'.'Leach & Purification'.'Opening Stock',OIC0_STDC0_AFDC1_PC0_OLI0,Object
Model.BMR.'In-Process Stocks'.'Leach & Purification',OIC0_STDC0_AFDC1_PC0_OLI0,Object
Model.BMR.'In-Process Stocks'.'Tank House'.'Closing Stock'.Fixed,OIC0_STDC0_AFDC1_PC0_OLI0,Object
Model.BMR.'In-Process Stocks'.'Tank House'.'Closing Stock'.Variable,OIC0_STDC0_AFDC0_PC0_OLI0,Object
Model.BMR.'In-Process Stocks'.'Tank House'.'Closing Stock',OIC0_STDC0_AFDC1_PC0_OLI0,Object
Model.BMR.'In-Process Stocks'.'Tank House'.'Opening Stock',OIC0_STDC0_AFDC1_PC0_OLI0,Object
Model.BMR.'In-Process Stocks'.'Tank House',OIC0_STDC0_AFDC1_PC0_OLI0,Object
Model.BMR.'In-Process Stocks',OIC0_STDC0_AFDC1_PC0_OLI0,Object
Model.BMR.'Sodium Sulphate Production'.Value,OIC0_STDC0_AFDC1_PC0_OLI0,Object
Model.BMR.'Sodium Sulphate Production'.Factor,OIC0_STDC0_AFDC1_PC0_OLI0,Object
Model.BMR.'Sodium Sulphate Production'.Result,OIC0_STDC0_AFDC1_PC0_OLI0,Object
Model.BMR.'Sodium Sulphate Production',OIC0_STDC0_AFDC1_PC0_OLI0,Object
Model.BMR.Recoveries.'BMR Press Cakes',OIC0_STDC0_AFDC1_PC0_OLI0,Object
Model.BMR.Recoveries,OIC0_STDC0_AFDC1_PC0_OLI0,Object
Model.BMR.CPLR,OIC0_STDC0_AFDC1_PC0_OLI0,Object
Model.BMR.NIC,OIC0_STDC0_AFDC1_PC0_OLI0,Object
Model.BMR.CUC,OIC0_STDC0_AFDC1_PC0_OLI0,Object
Model.BMR.Quality.Ni,OIC0_STDC0_AFDC1_PC0_OLI0,Object
Model.BMR.Quality.Cu,OIC0_STDC0_AFDC1_PC0_OLI0,Object
Model.BMR.Quality,OIC0_STDC0_AFDC1_PC0_OLI0,Object
Model.BMR.CoSO4,OIC0_STDC0_AFDC1_PC0_OLI0,Object
Model.BMR.CMS,OIC0_STDC0_AFDC0_PC0_OLI0,Object
Model.BMR.'BMR Press Cakes'.Parameters,OIC0_STDC0_AFDC1_PC0_OLI0,Object
Model.BMR.'BMR Press Cakes',OIC0_STDC0_AFDC1_PC0_OLI0,Object
Model.BMR.Checks.'Process Recovery',OIC0_STDC0_AFDC1_PC0_OLI0,Object
Model.BMR.Checks.'Overall Recovery',OIC0_STDC0_AFDC1_PC0_OLI0,Object
Model.BMR.Checks.Accountability,OIC0_STDC0_AFDC1_PC0_OLI0,Object
Model.BMR.Checks,OIC0_STDC0_AFDC1_PC0_OLI0,Object
Model.BMR.'Total For Treatment',OIC1_STDC0_AFDC2_PC0_OLI0,ACP Stockpile-ACP
Model.BMR,OIC0_STDC0_AFDC1_PC0_OLI0,Object
Model.CPLR.CPLR.'Opening Stock',OIC1_STDC0_AFDC2_PC0_OLI0,ACP Opening Stock-ACP
Model.CPLR.CPLR.Produced,OIC1_STDC0_AFDC2_PC0_OLI0,ACP Stockpile-ACP
Model.CPLR.CPLR.'SLR to WS',OIC1_STDC0_AFDC2_PC0_OLI0,ACP Stockpile-ACP
Model.CPLR.CPLR.'For Bagging',OIC1_STDC0_AFDC2_PC0_OLI0,ACP Stockpile-ACP
Model.CPLR.CPLR.'SLR to WS (Despatched)',OIC1_STDC0_AFDC2_PC0_OLI0,ACP Stockpile-ACP
Model.CPLR.CPLR.'SLR to WS (Dispatch Stock)',OIC1_STDC0_AFDC2_PC0_OLI0,ACP Stockpile-ACP
Model.CPLR.CPLR.'Closing Stock',OIC1_STDC0_AFDC2_PC0_OLI0,ACP Closing Stock-ACP
Model.CPLR.CPLR,OIC0_STDC0_AFDC1_PC0_OLI0,Object
Model.CPLR.'CPLC Bagged'.'Toll Required',OIC0_STDC0_AFDC0_PC0_OLI0,Object
Model.CPLR.'CPLC Bagged'.'Opening Stock',OIC1_STDC0_AFDC2_PC0_OLI0,ACP Opening Stock-ACP
Model.CPLR.'CPLC Bagged'.Despatched,OIC1_STDC0_AFDC2_PC0_OLI0,ACP Stockpile-ACP
Model.CPLR.'CPLC Bagged'.'Closing Stock',OIC1_STDC0_AFDC2_PC0_OLI0,ACP Closing Stock-ACP
Model.CPLR.'CPLC Bagged',OIC0_STDC0_AFDC1_PC0_OLI0,Object
Model.CPLR,OIC0_STDC0_AFDC1_PC0_OLI0,Object
Model.'NCM Bags'.'Opening Stock',OIC1_STDC0_AFDC2_PC0_OLI0,ACP Opening Stock-ACP
Model.'NCM Bags'.Input,OIC1_STDC0_AFDC2_PC0_OLI0,ACP Stockpile-ACP
Model.'NCM Bags'.Despatched,OIC1_STDC0_AFDC2_PC0_OLI0,ACP Stockpile-ACP
Model.'NCM Bags'.'Closing Stock',OIC1_STDC0_AFDC2_PC0_OLI0,ACP Closing Stock-ACP
Model.'NCM Bags',OIC0_STDC0_AFDC1_PC0_OLI0,Object
Model.'BMR Press Cakes'.Factors.LRR,OIC0_STDC0_AFDC1_PC0_OLI0,Object
Model.'BMR Press Cakes'.Factors.ER,OIC0_STDC0_AFDC1_PC0_OLI0,Object
Model.'BMR Press Cakes'.Factors.SSR,OIC0_STDC0_AFDC1_PC0_OLI0,Object
Model.'BMR Press Cakes'.Factors.PIRR,OIC0_STDC0_AFDC1_PC0_OLI0,Object
Model.'BMR Press Cakes'.Factors.STRR,OIC0_STDC0_AFDC1_PC0_OLI0,Object
Model.'BMR Press Cakes'.Factors,OIC0_STDC0_AFDC1_PC0_OLI0,Object
Model.'BMR Press Cakes'.'In Process Stocks'.'Opening Stock',OIC1_STDC0_AFDC1_PC0_OLI0,ACP Opening Stock-ACP
Model.'BMR Press Cakes'.'In Process Stocks'.'Closing Stock',OIC1_STDC0_AFDC1_PC0_OLI0,ACP Closing Stock-ACP
Model.'BMR Press Cakes'.'In Process Stocks',OIC0_STDC0_AFDC0_PC0_OLI0,Object
Model.'BMR Press Cakes'.'From BMR',OIC1_STDC0_AFDC2_PC0_OLI0,ACP Stockpile-ACP
Model.'BMR Press Cakes'.LRR,OIC1_STDC0_AFDC2_PC0_OLI0,ACP Stockpile-ACP
Model.'BMR Press Cakes'.ER,OIC1_STDC0_AFDC2_PC0_OLI0,ACP Stockpile-ACP
Model.'BMR Press Cakes'.SSR,OIC1_STDC0_AFDC2_PC0_OLI0,ACP Stockpile-ACP
Model.'BMR Press Cakes'.PIRR,OIC1_STDC0_AFDC2_PC0_OLI0,ACP Stockpile-ACP
Model.'BMR Press Cakes'.STRR,OIC1_STDC0_AFDC2_PC0_OLI0,ACP Stockpile-ACP
Model.'BMR Press Cakes'.'LRR (Despatched to WS)',OIC1_STDC0_AFDC2_PC0_OLI0,ACP Stockpile-ACP
Model.'BMR Press Cakes'.'ER (Despatched to WS)',OIC1_STDC0_AFDC2_PC0_OLI0,ACP Stockpile-ACP
Model.'BMR Press Cakes'.'PIRR (Despatched to WS)',OIC1_STDC0_AFDC2_PC0_OLI0,ACP Stockpile-ACP
Model.'BMR Press Cakes'.'STRR (Despatched to WS)',OIC1_STDC0_AFDC2_PC0_OLI0,ACP Stockpile-ACP
Model.'BMR Press Cakes'.'LRR (Dispatch Stock)',OIC1_STDC0_AFDC2_PC0_OLI0,ACP Stockpile-ACP
Model.'BMR Press Cakes'.'ER (Dispatch Stock)',OIC1_STDC0_AFDC2_PC0_OLI0,ACP Stockpile-ACP
Model.'BMR Press Cakes'.'SSR (Dispatch Stock)',OIC1_STDC0_AFDC2_PC0_OLI0,ACP Stockpile-ACP
Model.'BMR Press Cakes'.'SSR (Despatched to WS)',OIC1_STDC0_AFDC2_PC0_OLI0,ACP Stockpile-ACP
Model.'BMR Press Cakes'.'PIRR (Dispatch Stock)',OIC1_STDC0_AFDC2_PC0_OLI0,ACP Stockpile-ACP
Model.'BMR Press Cakes'.'STRR (Dispatch Stock)',OIC1_STDC0_AFDC2_PC0_OLI0,ACP Stockpile-ACP
Model.'BMR Press Cakes',OIC0_STDC0_AFDC1_PC0_OLI0,Object
Model.PMR.'Feed Prep Bin'.'Tolled In',OIC0_STDC0_AFDC1_PC0_OLI0,Object
Model.PMR.'Feed Prep Bin'.Input,OIC0_STDC0_AFDC1_PC0_OLI0,Object
Model.PMR.'Feed Prep Bin'.'Closing Stock',OIC0_STDC0_AFDC1_PC0_OLI0,Object
Model.PMR.'Feed Prep Bin'.'Feed To Process',OIC1_STDC0_AFDC1_PC0_OLI0,SCF Stockpile-SCF
Model.PMR.'Feed Prep Bin'.'Opening Stock',OIC1_STDC0_AFDC1_PC0_OLI0,SCF Opening Stock-SCF
Model.PMR.'Feed Prep Bin',OIC0_STDC0_AFDC0_PC0_OLI0,Object
Model.PMR.'Feed Bin'.'Net Input To PMR',OIC0_STDC0_AFDC1_PC0_OLI0,Object
Model.PMR.'Feed Bin'.Inputs.Purchases,OIC0_STDC0_AFDC0_PC0_OLI0,Object
Model.PMR.'Feed Bin'.Inputs.'Toll Residue',OIC0_STDC0_AFDC0_PC0_OLI0,Object
Model.PMR.'Feed Bin'.Inputs.'FIC In',OIC1_STDC0_AFDC2_PC0_OLI0,SCF Stockpile-SCF
Model.PMR.'Feed Bin'.Inputs.'Loan In',OIC1_STDC0_AFDC1_PC0_OLI0,SCF Stockpile-SCF
Model.PMR.'Feed Bin'.Inputs,OIC0_STDC0_AFDC1_PC0_OLI0,Object
Model.PMR.'Feed Bin'.Outputs.'Other Tolled Out',OIC0_STDC0_AFDC0_PC0_OLI0,Object
Model.PMR.'Feed Bin'.Outputs.'Metallics Tolled Out',OIC0_STDC0_AFDC0_PC0_OLI0,Object
Model.PMR.'Feed Bin'.Outputs.'FIC Tolled Out',OIC0_STDC0_AFDC0_PC0_OLI0,Object
Model.PMR.'Feed Bin'.Outputs.'Loan Out',OIC1_STDC0_AFDC1_PC0_OLI0,SCF Stockpile-SCF
Model.PMR.'Feed Bin'.Outputs,OIC0_STDC0_AFDC1_PC0_OLI0,Object
Model.PMR.'Feed Bin'.'Total Available Stock',OIC1_STDC0_AFDC2_PC0_OLI0,SCF Stockpile-SCF
Model.PMR.'Feed Bin'.'Closing Stock',OIC1_STDC0_AFDC2_PC0_OLI0,SCF Closing Stock-SCF
Model.PMR.'Feed Bin'.'Opening Stock',OIC1_STDC0_AFDC2_PC0_OLI0,SCF Opening Stock-SCF
Model.PMR.'Feed Bin',OIC0_STDC0_AFDC1_PC0_OLI0,Object
Model.PMR.Loan.'Loan In',OIC0_STDC0_AFDC0_PC0_OLI0,Object
Model.PMR.Loan.'Loan Out',OIC0_STDC0_AFDC0_PC0_OLI0,Object
Model.PMR.Loan.'Closing Stock',OIC1_STDC0_AFDC1_PC0_OLI0,SCF Closing Stock-SCF
Model.PMR.Loan.'Opening Stock',OIC1_STDC0_AFDC1_PC0_OLI0,SCF Opening Stock-SCF
Model.PMR.Loan,OIC0_STDC0_AFDC0_PC0_OLI0,Object
Model.PMR.Process,OIC0_STDC0_AFDC1_PC0_OLI0,Object
Model.PMR.Recoveries.Effluents,OIC0_STDC0_AFDC0_PC0_OLI0,Object
Model.PMR.Recoveries.Residues.Losses,OIC0_STDC0_AFDC1_PC0_OLI0,Object
Model.PMR.Recoveries.Residues.'Residues Bags',OIC0_STDC0_AFDC1_PC0_OLI0,Object
Model.PMR.Recoveries.Residues.'Residues PMC (Rh)',OIC0_STDC0_AFDC1_PC0_OLI0,Object
Model.PMR.Recoveries.Residues.'Residues PMC',OIC0_STDC0_AFDC1_PC0_OLI0,Object
Model.PMR.Recoveries.Residues.'Lime Cake Factors',OIC0_STDC0_AFDC1_PC0_OLI0,Object
Model.PMR.Recoveries.Residues,OIC0_STDC0_AFDC1_PC0_OLI0,Object
Model.PMR.Recoveries,OIC0_STDC0_AFDC1_PC0_OLI0,Object
Model.PMR.'Effluent Dam'.'Lime Cakes',OIC0_STDC0_AFDC1_PC0_OLI0,Object
Model.PMR.'Effluent Dam'.Produced,OIC0_STDC0_AFDC1_PC0_OLI0,Object
Model.PMR.'Effluent Dam'.'Mild Salts',OIC0_STDC0_AFDC0_PC0_OLI0,Object
Model.PMR.'Effluent Dam'.'Closing Stock',OIC0_STDC0_AFDC1_PC0_OLI0,Object
Model.PMR.'Effluent Dam'.'Lime Cakes (Despatched to WS)',OIC1_STDC0_AFDC2_PC0_OLI0,SCF Stockpile-SCF
Model.PMR.'Effluent Dam'.'Lime Cakes (Dispatch Stock)',OIC1_STDC0_AFDC2_PC0_OLI0,SCF Closing Stock-SCF
Model.PMR.'Effluent Dam'.'Opening Stock',OIC1_STDC0_AFDC2_PC0_OLI0,SCF Opening Stock-SCF
Model.PMR.'Effluent Dam',OIC0_STDC0_AFDC1_PC0_OLI0,Object
Model.PMR.'Residues Bags'.Produced,OIC0_STDC0_AFDC1_PC0_OLI0,Object
Model.PMR.'Residues Bags'.Feed,OIC0_STDC0_AFDC1_PC0_OLI0,Object
Model.PMR.'Residues Bags'.'Closing Stock',OIC0_STDC0_AFDC1_PC0_OLI0,Object
Model.PMR.'Residues Bags'.'Feed (Despatched to WS)',OIC1_STDC0_AFDC2_PC0_OLI0,SCF Stockpile-SCF
Model.PMR.'Residues Bags'.'Feed (Dispatch Stock)',OIC1_STDC0_AFDC2_PC0_OLI0,SCF Closing Stock-SCF
Model.PMR.'Residues Bags'.'Opening Stock',OIC1_STDC0_AFDC2_PC0_OLI0,SCF Opening Stock-SCF
Model.PMR.'Residues Bags',OIC0_STDC0_AFDC1_PC0_OLI0,Object
Model.PMR.'Residues PMC (Rh)'.'Toll Out',OIC0_STDC0_AFDC1_PC0_OLI0,Object
Model.PMR.'Residues PMC (Rh)'.Feed,OIC0_STDC0_AFDC1_PC0_OLI0,Object
Model.PMR.'Residues PMC (Rh)'.'To ACP',OIC0_STDC0_AFDC1_PC0_OLI0,Object
Model.PMR.'Residues PMC (Rh)'.'To ACP (Dispatch Stock)',OIC0_STDC0_AFDC1_PC0_OLI0,Object
Model.PMR.'Residues PMC (Rh)'.'To ACP (Despatched to ACP)',OIC0_STDC0_AFDC1_PC0_OLI0,Object
Model.PMR.'Residues PMC (Rh)'.Produced,OIC0_STDC0_AFDC1_PC0_OLI0,Object
Model.PMR.'Residues PMC (Rh)'.'Closing Stock',OIC0_STDC0_AFDC1_PC0_OLI0,Object
Model.PMR.'Residues PMC (Rh)'.'Toll Required',OIC0_STDC0_AFDC0_PC0_OLI0,Object
Model.PMR.'Residues PMC (Rh)'.'Opening Stock',OIC1_STDC0_AFDC2_PC0_OLI0,SCF Opening Stock-SCF
Model.PMR.'Residues PMC (Rh)',OIC0_STDC0_AFDC1_PC0_OLI0,Object
Model.PMR.'Residues PMC'.'Toll Out',OIC0_STDC0_AFDC1_PC0_OLI0,Object
Model.PMR.'Residues PMC'.Feed,OIC0_STDC0_AFDC1_PC0_OLI0,Object
Model.PMR.'Residues PMC'.Produced,OIC0_STDC0_AFDC1_PC0_OLI0,Object
Model.PMR.'Residues PMC'.'To ACP',OIC0_STDC0_AFDC1_PC0_OLI0,Object
Model.PMR.'Residues PMC'.'To ACP (Dispatch Stock)',OIC0_STDC0_AFDC1_PC0_OLI0,Object
Model.PMR.'Residues PMC'.'To ACP (Despatched to ACP)',OIC0_STDC0_AFDC1_PC0_OLI0,Object
Model.PMR.'Residues PMC'.'Closing Stock',OIC0_STDC0_AFDC1_PC0_OLI0,Object
Model.PMR.'Residues PMC'.'Toll Required',OIC0_STDC0_AFDC0_PC0_OLI0,Object
Model.PMR.'Residues PMC'.'Opening Stock',OIC1_STDC0_AFDC2_PC0_OLI0,SCF Opening Stock-SCF
Model.PMR.'Residues PMC',OIC0_STDC0_AFDC1_PC0_OLI0,Object
Model.PMR.'PGM In-Process'.'Days to Keep'.'In-Process Offset',OIC0_STDC0_AFDC1_PC0_OLI0,Object
Model.PMR.'PGM In-Process'.'Days to Keep'.'In-Process Sum',OIC0_STDC0_AFDC1_PC0_OLI0,Object
Model.PMR.'PGM In-Process'.'Days to Keep'.'In-Process Pipeline',OIC0_STDC0_AFDC1_PC0_OLI0,Object
Model.PMR.'PGM In-Process'.'Days to Keep',OIC0_STDC0_AFDC1_PC0_OLI0,Object
Model.PMR.'PGM In-Process'.'Oz to Keep',OIC0_STDC0_AFDC1_PC0_OLI0,Object
Model.PMR.'PGM In-Process'.'Targeted Oz to Keep (HY)',OIC0_STDC0_AFDC1_PC0_OLI0,Object
Model.PMR.'PGM In-Process'.'Targeted Oz to Keep (FY)',OIC0_STDC0_AFDC1_PC0_OLI0,Object
Model.PMR.'PGM In-Process'.'Available Production',OIC0_STDC0_AFDC1_PC0_OLI0,Object
Model.PMR.'PGM In-Process'.'Oz to Keep Trim (HY)',OIC0_STDC0_AFDC1_PC0_OLI0,Object
Model.PMR.'PGM In-Process'.'Oz to Keep Trim (FY)',OIC0_STDC0_AFDC1_PC0_OLI0,Object
Model.PMR.'PGM In-Process'.Production,OIC0_STDC0_AFDC1_PC0_OLI0,Object
Model.PMR.'PGM In-Process'.'Closing Stock',OIC1_STDC0_AFDC1_PC0_OLI0,PGM Closing Stock-PGM
Model.PMR.'PGM In-Process'.'Opening Stock',OIC1_STDC0_AFDC1_PC0_OLI0,PGM Opening Stock-PGM
Model.PMR.'PGM In-Process',OIC0_STDC0_AFDC1_PC0_OLI0,Object
Model.PMR.Vault.'PGMs Despatched',OIC0_STDC0_AFDC1_PC0_OLI0,Object
Model.PMR.Vault.'Closing Stock',OIC0_STDC0_AFDC1_PC0_OLI0,Object
Model.PMR.Vault.'Opening Stock',OIC1_STDC0_AFDC2_PC0_OLI0,PGM Opening Stock-PGM
Model.PMR.Vault,OIC0_STDC0_AFDC1_PC0_OLI0,Object
Model.PMR.Gold.'Opening Stock',OIC0_STDC0_AFDC1_PC0_OLI0,Object
Model.PMR.Gold.'Closing Stock',OIC0_STDC0_AFDC1_PC0_OLI0,Object
Model.PMR.Gold.Despatched,OIC0_STDC0_AFDC1_PC0_OLI0,Object
Model.PMR.Gold.Production,OIC0_STDC0_AFDC1_PC0_OLI0,Object
Model.PMR.Gold,OIC0_STDC0_AFDC1_PC0_OLI0,Object
Model.PMR.'Metal Credits',OIC0_STDC0_AFDC0_PC0_OLI0,Object
Model.PMR.Checks.'Overall Recovery',OIC0_STDC0_AFDC1_PC0_OLI0,Object
Model.PMR.Checks.'Process Recovery',OIC0_STDC0_AFDC1_PC0_OLI0,Object
Model.PMR.Checks.Accountability,OIC0_STDC0_AFDC1_PC0_OLI0,Object
Model.PMR.Checks,OIC0_STDC0_AFDC1_PC0_OLI0,Object
Model.PMR,OIC0_STDC0_AFDC1_PC0_OLI0,Object
Model.'Target Pt'.'Base Case Info (HY)',OIC0_STDC0_AFDC1_PC0_OLI0,Object
Model.'Target Pt'.'Base Case Info (FY)',OIC0_STDC0_AFDC1_PC0_OLI0,Object
Model.'Target Pt'.'PGM Modelling Info (HY)',OIC0_STDC0_AFDC1_PC0_OLI0,Object
Model.'Target Pt'.'PGM Modelling Info (FY)',OIC0_STDC0_AFDC1_PC0_OLI0,Object
Model.'Target Pt'.'PGM Base Info (HY)',OIC0_STDC0_AFDC0_PC0_OLI0,Object
Model.'Target Pt'.'PGM Base Info (FY)',OIC0_STDC0_AFDC0_PC0_OLI0,Object
Model.'Target Pt',OIC0_STDC0_AFDC1_PC0_OLI0,Object
Model.AddOnProcesses.'Opening Stock',OIC0_STDC0_AFDC0_PC0_OLI0,Object
Model.AddOnProcesses.'Closing Stock',OIC0_STDC0_AFDC0_PC0_OLI0,Object
Model.AddOnProcesses,OIC0_STDC0_AFDC0_PC0_OLI0,Object
Model.Routes.'246_390',OIC1_STDC0_AFDC2_PC1_OLI0,Routing-
Model.Routes.'246_487',OIC1_STDC0_AFDC2_PC1_OLI0,Routing-
Model.Routes.'246_584',OIC1_STDC0_AFDC2_PC1_OLI0,Routing-
Model.Routes.'252_390',OIC1_STDC0_AFDC2_PC1_OLI0,Routing-
Model.Routes.'252_487',OIC1_STDC0_AFDC2_PC1_OLI0,Routing-
Model.Routes.'252_584',OIC1_STDC0_AFDC2_PC1_OLI0,Routing-
Model.Routes.'258_390',OIC1_STDC0_AFDC2_PC1_OLI0,Routing-
Model.Routes.'258_487',OIC1_STDC0_AFDC2_PC1_OLI0,Routing-
Model.Routes.'258_584',OIC1_STDC0_AFDC2_PC1_OLI0,Routing-
Model.Routes.'264_390',OIC1_STDC0_AFDC2_PC1_OLI0,Routing-
Model.Routes.'264_487',OIC1_STDC0_AFDC2_PC1_OLI0,Routing-
Model.Routes.'264_584',OIC1_STDC0_AFDC2_PC1_OLI0,Routing-
Model.Routes.'270_390',OIC1_STDC0_AFDC2_PC1_OLI0,Routing-
Model.Routes.'270_487',OIC1_STDC0_AFDC2_PC1_OLI0,Routing-
Model.Routes.'270_584',OIC1_STDC0_AFDC2_PC1_OLI0,Routing-
Model.Routes.'276_390',OIC1_STDC0_AFDC2_PC1_OLI0,Routing-
Model.Routes.'276_487',OIC1_STDC0_AFDC2_PC1_OLI0,Routing-
Model.Routes.'276_584',OIC1_STDC0_AFDC2_PC1_OLI0,Routing-
Model.Routes.'282_390',OIC1_STDC0_AFDC2_PC1_OLI0,Routing-
Model.Routes.'282_487',OIC1_STDC0_AFDC2_PC1_OLI0,Routing-
Model.Routes.'282_584',OIC1_STDC0_AFDC2_PC1_OLI0,Routing-
Model.Routes.'288_390',OIC1_STDC0_AFDC2_PC1_OLI0,Routing-
Model.Routes.'288_487',OIC1_STDC0_AFDC2_PC1_OLI0,Routing-
Model.Routes.'288_584',OIC1_STDC0_AFDC2_PC1_OLI0,Routing-
Model.Routes.'294_390',OIC1_STDC0_AFDC2_PC1_OLI0,Routing-
Model.Routes.'294_487',OIC1_STDC0_AFDC2_PC1_OLI0,Routing-
Model.Routes.'294_584',OIC1_STDC0_AFDC2_PC1_OLI0,Routing-
Model.Routes.'300_390',OIC1_STDC0_AFDC2_PC1_OLI0,Routing-
Model.Routes.'300_487',OIC1_STDC0_AFDC2_PC1_OLI0,Routing-
Model.Routes.'300_584',OIC1_STDC0_AFDC2_PC1_OLI0,Routing-
Model.Routes.'306_390',OIC1_STDC0_AFDC2_PC1_OLI0,Routing-
Model.Routes.'306_487',OIC1_STDC0_AFDC2_PC1_OLI0,Routing-
Model.Routes.'306_584',OIC1_STDC0_AFDC2_PC1_OLI0,Routing-
Model.Routes.'312_390',OIC1_STDC0_AFDC2_PC1_OLI0,Routing-
Model.Routes.'312_487',OIC1_STDC0_AFDC2_PC1_OLI0,Routing-
Model.Routes.'312_584',OIC1_STDC0_AFDC2_PC1_OLI0,Routing-
Model.Routes.'318_390',OIC1_STDC0_AFDC2_PC1_OLI0,Routing-
Model.Routes.'318_487',OIC1_STDC0_AFDC2_PC1_OLI0,Routing-
Model.Routes.'318_584',OIC1_STDC0_AFDC2_PC1_OLI0,Routing-
Model.Routes.'324_390',OIC1_STDC0_AFDC2_PC1_OLI0,Routing-
Model.Routes.'324_487',OIC1_STDC0_AFDC2_PC1_OLI0,Routing-
Model.Routes.'324_584',OIC1_STDC0_AFDC2_PC1_OLI0,Routing-
Model.Routes.'330_390',OIC1_STDC0_AFDC2_PC1_OLI0,Routing-
Model.Routes.'330_487',OIC1_STDC0_AFDC2_PC1_OLI0,Routing-
Model.Routes.'330_584',OIC1_STDC0_AFDC2_PC1_OLI0,Routing-
Model.Routes.'336_390',OIC1_STDC0_AFDC2_PC1_OLI0,Routing-
Model.Routes.'336_487',OIC1_STDC0_AFDC2_PC1_OLI0,Routing-
Model.Routes.'336_584',OIC1_STDC0_AFDC2_PC1_OLI0,Routing-
Model.Routes.'342_390',OIC1_STDC0_AFDC2_PC1_OLI0,Routing-
Model.Routes.'342_487',OIC1_STDC0_AFDC2_PC1_OLI0,Routing-
Model.Routes.'342_584',OIC1_STDC0_AFDC2_PC1_OLI0,Routing-
Model.Routes.'348_390',OIC1_STDC0_AFDC2_PC1_OLI0,Routing-
Model.Routes.'348_487',OIC1_STDC0_AFDC2_PC1_OLI0,Routing-
Model.Routes.'348_584',OIC1_STDC0_AFDC2_PC1_OLI0,Routing-
Model.Routes.'354_390',OIC1_STDC0_AFDC2_PC1_OLI0,Routing-
Model.Routes.'354_487',OIC1_STDC0_AFDC2_PC1_OLI0,Routing-
Model.Routes.'354_584',OIC1_STDC0_AFDC2_PC1_OLI0,Routing-
Model.Routes.'360_390',OIC1_STDC0_AFDC2_PC1_OLI0,Routing-
Model.Routes.'360_487',OIC1_STDC0_AFDC2_PC1_OLI0,Routing-
Model.Routes.'360_584',OIC1_STDC0_AFDC2_PC1_OLI0,Routing-
Model.Routes.'366_390',OIC1_STDC0_AFDC2_PC1_OLI0,Routing-
Model.Routes.'366_487',OIC1_STDC0_AFDC2_PC1_OLI0,Routing-
Model.Routes.'366_584',OIC1_STDC0_AFDC2_PC1_OLI0,Routing-
Model.Routes.'372_390',OIC1_STDC0_AFDC2_PC1_OLI0,Routing-
Model.Routes.'372_487',OIC1_STDC0_AFDC2_PC1_OLI0,Routing-
Model.Routes.'372_584',OIC1_STDC0_AFDC2_PC1_OLI0,Routing-
Model.Routes.'378_390',OIC1_STDC0_AFDC2_PC1_OLI0,Routing-
Model.Routes.'378_487',OIC1_STDC0_AFDC2_PC1_OLI0,Routing-
Model.Routes.'378_584',OIC1_STDC0_AFDC2_PC1_OLI0,Routing-
Model.Routes.'384_390',OIC1_STDC0_AFDC2_PC1_OLI0,Routing-
Model.Routes.'384_487',OIC1_STDC0_AFDC2_PC1_OLI0,Routing-
Model.Routes.'384_584',OIC1_STDC0_AFDC2_PC1_OLI0,Routing-
Model.Routes,OIC1_STDC0_AFDC1_PC0_OLI1,Routes-
Model,OIC0_STDC0_AFDC1_PC0_OLI0,Object
ApplicationSettings,OIC0_STDC0_AFDC0_PC0_OLI0,Object
GAS,OIC0_STDC0_AFDC0_PC0_OLI0,Object
